<?xml version="1.0" encoding="UTF-8"?>
<!DOCTYPE suite SYSTEM "https://testng.org/testng-1.0.dtd">
<suite thread-count="0" name="Suite">
  <listeners>
      <listener class-name="org.uncommons.reportng.HTMLReporter"/>
      <listener class-name="org.uncommons.reportng.JUnitXMLReporter"/>
       <listener class-name="Listeners.Listeners"/>
  </listeners>
   
   <test thread-count="0" name="LoginTest">
   <parameter name="browser" value="Chrome"/>
    <classes>
     
      <class name="assignment_2.LoginSuccess"/>
     
    </classes>
  </test> <!-- Test -->
  <test thread-count="0" name="RegisterTest">
   <parameter name="browser" value="Chrome"/>
    <classes>
     
      <class name="assignment_2.RegisterAccount"/>
     
    </classes>
  </test> <!-- Test -->
  
  <test thread-count="0" name="ResetTest">
   <parameter name="browser" value="Chrome"/>
    <classes>
     
      <class name="assignment_2.ResetPassword"/>
     
    </classes>
  </test> <!-- Test -->
  
</suite> <!-- Suite -->

