<?xml version="1.0" encoding="UTF-8"?>
<!DOCTYPE suite SYSTEM "https://testng.org/testng-1.0.dtd">
<suite thread-count="0" name="Suite">
  
  
  <test thread-count="0" name="RegisterTest">
   <parameter name="browser" value="Chrome"/>
    <classes>
     
      <class name="assignment_2.TC001"/>
     
    </classes>
  </test> <!-- Test -->
  
  <test thread-count="0" name="LoginFirefoxTest">
   <parameter name="browser" value="Firefox"/>
    <classes>
     
      <class name="assignment_2.TC003"/>
      
    </classes>
  </test> <!-- Test -->
  
  
  <test thread-count="0" name="LoginCHromeTest">
   <parameter name="browser" value="Chrome"/>
    <classes>
     
      <class name="assignment_2.TC003"/>
    </classes>
  </test> <!-- Test -->

<test thread-count="0" name="TestFunction">
   <parameter name="browser" value="Chrome"/>
   
    <classes>
      
      <class name="assignment_2.TC002"/>
      <class name="assignment_2.TC004"/>
      <class name="assignment_2.TC005"/>
      <class name="assignment_2.TC007"/>
      <class name="assignment_2.TC008"/>
      
    </classes>
  </test> <!-- Test -->


</suite> <!-- Suite -->

