<?xml version="1.0" encoding="UTF-8"?>
<!DOCTYPE suite SYSTEM "https://testng.org/testng-1.0.dtd">
<suite name="MakeMyTrip" parallel = "false" preserve-order = "true">
  
   <test name="OneWayChrome">
  <listeners>
      <listener class-name="org.uncommons.reportng.HTMLReporter"/>
      <listener class-name="org.uncommons.reportng.JUnitXMLReporter"/>
       <listener class-name="Listeners.Listeners"/>
  </listeners>
 
    <classes>
  
      <class name="assignment_3.TC001"/> 
  <parameter name="browser" value="Chrome">   </parameter> 
  
    </classes>
  
  </test> <!-- Test -->

  <test name="RoundWayChrome">
  <listeners>
      <listener class-name="org.uncommons.reportng.HTMLReporter"/>
      <listener class-name="org.uncommons.reportng.JUnitXMLReporter"/>
       <listener class-name="Listeners.Listeners"/>
  </listeners>
 
    <classes>
         <class name="assignment_3.TC002"/> 
  <parameter name="browser" value="Chrome">   </parameter> 
  
    </classes>
  
  </test> <!-- Test -->

 <test name="MultiWayChrome">
  <listeners>
      <listener class-name="org.uncommons.reportng.HTMLReporter"/>
      <listener class-name="org.uncommons.reportng.JUnitXMLReporter"/>
       <listener class-name="Listeners.Listeners"/>
  </listeners>
 
    <classes>
  
      <class name="assignment_3.TC003"/> 
  <parameter name="browser" value="Chrome">   </parameter> 
  
    </classes>
  
  </test> <!-- Test -->

</suite> <!-- MakeMyTrip -->
