<?xml version="1.0" encoding="UTF-8"?>
<!DOCTYPE suite SYSTEM "https://testng.org/testng-1.0.dtd">
<suite name="MakeMyTrip" parallel = "false" preserve-order = "true">
  
   <test name="OneWayChrome">
  
    <classes>
  
      <class name="assignment_3.TC001"/> 
  <parameter name="browser" value="Chrome">   </parameter> 
  
    </classes>
  
  </test> <!-- Test -->
<test name="RoundTripChrome">
    <classes >
      <class name="assignment_3.TC002"/>
   <parameter name="browser" value="Chrome">   </parameter>
   
     
    </classes>
  </test> <!-- Test -->

  <test name="MultiCityChrome">
  
    <classes>
      <class name="assignment_3.TC003"/>
      <parameter name="browser" value="Chrome">   </parameter>
     
    </classes>
  
  </test> <!-- Test -->
</suite> <!-- MakeMyTrip -->
