<?xml version="1.0" encoding="UTF-8"?>
<!DOCTYPE suite SYSTEM "https://testng.org/testng-1.0.dtd">
<suite name="DemoSite" parallel = "false" preserve-order = "true">
  <test name = "TestChrome">
   <listeners>
      <listener class-name="org.uncommons.reportng.HTMLReporter"/>
      <listener class-name="org.uncommons.reportng.JUnitXMLReporter"/>
       <listener class-name="Listeners.Listeners"/>
  </listeners>
    
    
     <parameter name="browser" value = "Chrome" />
    <classes>
      <class name="assignment_1.TC001"/>
      <class name="assignment_1.TC002"/>
      <class name="assignment_1.TC003"/>
      <class name="assignment_1.TC004"/>
      <class name="assignment_1.TC005"/>
    </classes>
  </test> <!-- Test -->
 
</suite> <!-- Suite -->
